{
    "version": 8,
    "name": "Blue-White",
    "metadata": {
        "mapbox:trackposition": false,
        "mapbox:groups": {
            "a636a5194689e7c1dede11bf3cd8dcac": {
                "name": "Landuse",
                "collapsed": true
            },
            "0cb8c63458cbe21bbe1ad66543f73a04": {
                "name": "Roads",
                "collapsed": true
            },
            "ab588f3c9c75b626577112146960e2bf": {
                "name": "Tunnels",
                "collapsed": true
            },
            "d84bd578f1389e89645c76070bd1c761": {
                "name": "Marine labels",
                "collapsed": true
            },
            "7d43494b5025022bf83d5e73f771a8c5": {
                "name": "Low zoom labels",
                "collapsed": true
            },
            "1cfc175b0e7532a47eec44b8ede849d8": {
                "name": "Landcover",
                "collapsed": false
            },
            "4a585425cb0cc2af93b4cdedda86461d": {
                "name": "Borders",
                "collapsed": true
            },
            "659790aba31107609c41007408bfdeeb": {
                "name": "Road labels",
                "collapsed": false
            },
            "87eb9fc4e65e33c3909d5992c53c8c22": {
                "name": "POI labels",
                "collapsed": true
            },
            "f423319a6dab2ed463382f7e7edc5da1": {
                "name": "Bridges",
                "collapsed": true
            },
            "003e472752e5683c3f8ef9dee45b54a0": {
                "name": "Misc layers",
                "collapsed": false
            },
            "0e4fe52bb6e07167e428ec66ad643fd7": {
                "name": "Place labels",
                "collapsed": true
            }
        },
        "mapbox:autocomposite": true,
        "mapbox:sdk-support": {
            "js": "0.54.0",
            "android": "6.7.0",
            "ios": "4.7.0"
        }
    },
    "center": [-75.01168443153625, 39.80087714287609],
    "zoom": 6.672089967787359,
    "bearing": 0,
    "pitch": 0,
    "light": {"color": "hsl(0, 0%, 100%)"},
    "sources": {
        "composite": {
            "url": "mapbox://mapbox.mapbox-terrain-v2,mapbox.mapbox-streets-v7",
            "type": "vector"
        }
    },
    "sprite": "mapbox://sprites/dagut/cjy79jl4f2boo1cqvvwz5dukk/ck2u8j60r58fu0sgyxrigm3cu",
    "glyphs": "mapbox://fonts/dagut/{fontstack}/{range}.pbf",
    "layers": [
        {
            "id": "background",
            "type": "background",
            "layout": {},
            "paint": {"background-color": "#7ca7b9"}
        },
        {
            "id": "crop",
            "type": "fill",
            "metadata": {"mapbox:group": "1cfc175b0e7532a47eec44b8ede849d8"},
            "source": "composite",
            "source-layer": "landcover",
            "maxzoom": 14,
            "filter": ["==", "class", "crop"],
            "layout": {"visibility": "visible"},
            "paint": {
                "fill-antialias": false,
                "fill-opacity": {"base": 1, "stops": [[0, 0.03], [5, 0.01]]},
                "fill-color": "#6b9bb0"
            }
        },
        {
            "id": "wood",
            "type": "fill",
            "metadata": {"mapbox:group": "1cfc175b0e7532a47eec44b8ede849d8"},
            "source": "composite",
            "source-layer": "landcover",
            "maxzoom": 14,
            "filter": ["==", "class", "wood"],
            "layout": {"visibility": "visible"},
            "paint": {
                "fill-antialias": false,
                "fill-opacity": {"base": 1, "stops": [[0, 0.03], [5, 0.01]]},
                "fill-color": "#6b9bb0"
            }
        },
        {
            "id": "scrub",
            "type": "fill",
            "metadata": {"mapbox:group": "1cfc175b0e7532a47eec44b8ede849d8"},
            "source": "composite",
            "source-layer": "landcover",
            "maxzoom": 14,
            "filter": ["==", "class", "scrub"],
            "layout": {"visibility": "visible"},
            "paint": {
                "fill-antialias": false,
                "fill-opacity": {"base": 1, "stops": [[0, 0.03], [5, 0.01]]},
                "fill-color": "#6b9bb0"
            }
        },
        {
            "id": "grass",
            "type": "fill",
            "metadata": {"mapbox:group": "1cfc175b0e7532a47eec44b8ede849d8"},
            "source": "composite",
            "source-layer": "landcover",
            "maxzoom": 14,
            "filter": ["==", "class", "grass"],
            "layout": {"visibility": "visible"},
            "paint": {
                "fill-antialias": false,
                "fill-opacity": {"base": 1, "stops": [[0, 0.03], [5, 0.01]]},
                "fill-color": "#6b9bb0"
            }
        },
        {
            "id": "national-parks",
            "type": "fill",
            "metadata": {"mapbox:group": "1cfc175b0e7532a47eec44b8ede849d8"},
            "source": "composite",
            "source-layer": "landuse_overlay",
            "filter": ["==", "class", "national_park"],
            "layout": {},
            "paint": {
                "fill-opacity": {"base": 1, "stops": [[0, 0.03], [5, 0.01]]},
                "fill-color": "#6b9bb0"
            }
        },
        {
            "id": "snow",
            "type": "fill",
            "metadata": {"mapbox:group": "1cfc175b0e7532a47eec44b8ede849d8"},
            "source": "composite",
            "source-layer": "landcover",
            "filter": [
                "all",
                ["==", "$type", "Polygon"],
                ["==", "class", "snow"]
            ],
            "layout": {"visibility": "visible"},
            "paint": {
                "fill-antialias": false,
                "fill-opacity": {"base": 1, "stops": [[0, 0.03], [5, 0.01]]},
                "fill-color": "#6b9bb0"
            }
        },
        {
            "id": "pedestrian-road",
            "type": "fill",
            "metadata": {"mapbox:group": "a636a5194689e7c1dede11bf3cd8dcac"},
            "source": "composite",
            "source-layer": "road",
            "minzoom": 12,
            "filter": [
                "all",
                ["==", "$type", "Polygon"],
                [
                    "all",
                    ["==", "structure", "none"],
                    ["in", "class", "path", "pedestrian"]
                ]
            ],
            "layout": {},
            "paint": {
                "fill-color": "hsl(0, 0%, 100%)",
                "fill-opacity": {"base": 1, "stops": [[15.5, 0], [16, 0.1]]},
                "fill-antialias": true
            }
        },
        {
            "id": "industrial",
            "type": "fill",
            "metadata": {"mapbox:group": "a636a5194689e7c1dede11bf3cd8dcac"},
            "source": "composite",
            "source-layer": "landuse",
            "filter": ["==", "class", "industrial"],
            "layout": {},
            "paint": {
                "fill-color": "hsl(0, 0%, 100%)",
                "fill-antialias": true,
                "fill-opacity": 0.1
            }
        },
        {
            "id": "schools",
            "type": "fill",
            "metadata": {"mapbox:group": "a636a5194689e7c1dede11bf3cd8dcac"},
            "source": "composite",
            "source-layer": "landuse",
            "minzoom": 16,
            "filter": [
                "all",
                ["==", "$type", "Polygon"],
                ["==", "class", "school"]
            ],
            "layout": {"visibility": "visible"},
            "paint": {
                "fill-color": "hsl(0, 0%, 100%)",
                "fill-antialias": true,
                "fill-opacity": {"base": 1, "stops": [[5, 0], [6, 0.05]]}
            }
        },
        {
            "id": "hospitals",
            "type": "fill",
            "metadata": {"mapbox:group": "a636a5194689e7c1dede11bf3cd8dcac"},
            "source": "composite",
            "source-layer": "landuse",
            "minzoom": 16,
            "filter": [
                "all",
                ["==", "$type", "Polygon"],
                ["==", "class", "hospital"]
            ],
            "layout": {"visibility": "visible"},
            "paint": {
                "fill-color": "hsl(0, 0%, 100%)",
                "fill-antialias": true,
                "fill-opacity": {"base": 1, "stops": [[5, 0], [6, 0.05]]}
            }
        },
        {
            "id": "cemeteries",
            "type": "fill",
            "metadata": {"mapbox:group": "a636a5194689e7c1dede11bf3cd8dcac"},
            "source": "composite",
            "source-layer": "landuse",
            "minzoom": 16,
            "filter": [
                "all",
                ["==", "$type", "Polygon"],
                ["==", "class", "cemetery"]
            ],
            "layout": {},
            "paint": {
                "fill-color": "hsl(0, 0%, 100%)",
                "fill-opacity": {"base": 1, "stops": [[5, 0], [6, 0.05]]},
                "fill-antialias": true
            }
        },
        {
            "id": "parks",
            "type": "fill",
            "metadata": {"mapbox:group": "a636a5194689e7c1dede11bf3cd8dcac"},
            "source": "composite",
            "source-layer": "landuse",
            "filter": ["==", "class", "park"],
            "layout": {"visibility": "visible"},
            "paint": {
                "fill-color": "hsl(0, 0%, 100%)",
                "fill-opacity": {"base": 1, "stops": [[5, 0], [6, 0.05]]}
            }
        },
        {
            "id": "pitch",
            "type": "fill",
            "metadata": {"mapbox:group": "a636a5194689e7c1dede11bf3cd8dcac"},
            "source": "composite",
            "source-layer": "landuse",
            "minzoom": 15,
            "filter": ["==", "class", "pitch"],
            "layout": {"visibility": "visible"},
            "paint": {
                "fill-color": "hsl(0, 0%, 100%)",
                "fill-opacity": {"base": 1, "stops": [[5, 0], [6, 0.05]]}
            }
        },
        {
            "id": "sand",
            "type": "fill",
            "metadata": {"mapbox:group": "a636a5194689e7c1dede11bf3cd8dcac"},
            "source": "composite",
            "source-layer": "landuse",
            "filter": ["==", "class", "sand"],
            "layout": {},
            "paint": {
                "fill-color": "hsl(0, 0%, 100%)",
                "fill-opacity": {"base": 1, "stops": [[5, 0], [6, 0.01]]}
            }
        },
        {
            "id": "water",
            "type": "fill",
            "metadata": {"mapbox:group": "a636a5194689e7c1dede11bf3cd8dcac"},
            "source": "composite",
            "source-layer": "water",
            "layout": {},
            "paint": {"fill-color": "hsl(0, 0%, 100%)"}
        },
        {
            "id": "waterway-river-canal",
            "type": "line",
            "metadata": {"mapbox:group": "003e472752e5683c3f8ef9dee45b54a0"},
            "source": "composite",
            "source-layer": "waterway",
            "minzoom": 8,
            "filter": [
                "any",
                ["==", "class", "canal"],
                ["==", "class", "river"]
            ],
            "layout": {
                "line-cap": {"base": 1, "stops": [[0, "butt"], [11, "round"]]},
                "line-join": "round"
            },
            "paint": {
                "line-color": "#7ca7b9",
                "line-width": {"base": 1.3, "stops": [[8.5, 0.1], [20, 8]]},
                "line-opacity": {"base": 1, "stops": [[8, 0], [8.5, 1]]}
            }
        },
        {
            "id": "aeroway-polygon",
            "type": "fill",
            "metadata": {"mapbox:group": "003e472752e5683c3f8ef9dee45b54a0"},
            "source": "composite",
            "source-layer": "aeroway",
            "minzoom": 11,
            "filter": [
                "all",
                ["!=", "type", "apron"],
                ["==", "$type", "Polygon"]
            ],
            "layout": {},
            "paint": {
                "fill-color": "hsl(0, 0%, 100%)",
                "fill-opacity": {"base": 1, "stops": [[11, 0], [11.5, 1]]}
            }
        },
        {
            "id": "aeroway-runway",
            "type": "line",
            "metadata": {"mapbox:group": "003e472752e5683c3f8ef9dee45b54a0"},
            "source": "composite",
            "source-layer": "aeroway",
            "minzoom": 9,
            "filter": [
                "all",
                ["==", "$type", "LineString"],
                ["==", "type", "runway"]
            ],
            "layout": {},
            "paint": {
                "line-color": "hsl(0, 0%, 100%)",
                "line-width": {"base": 1.5, "stops": [[9, 1], [18, 80]]}
            }
        },
        {
            "id": "aeroway-taxiway",
            "type": "line",
            "metadata": {"mapbox:group": "003e472752e5683c3f8ef9dee45b54a0"},
            "source": "composite",
            "source-layer": "aeroway",
            "minzoom": 9,
            "filter": [
                "all",
                ["==", "$type", "LineString"],
                ["==", "type", "taxiway"]
            ],
            "layout": {},
            "paint": {
                "line-color": "hsl(0, 0%, 100%)",
                "line-width": {"base": 1.5, "stops": [[10, 0.5], [18, 20]]}
            }
        },
        {
            "id": "ferry-route",
            "type": "line",
            "metadata": {"mapbox:group": "003e472752e5683c3f8ef9dee45b54a0"},
            "source": "composite",
            "source-layer": "road",
            "minzoom": 11,
            "filter": [
                "all",
                ["==", "$type", "LineString"],
                ["==", "class", "ferry"]
            ],
            "layout": {"line-join": "round"},
            "paint": {
                "line-opacity": {"base": 1, "stops": [[11, 0.2], [15, 0.5]]},
                "line-width": {"base": 1.5, "stops": [[14, 0.75], [20, 1]]},
                "line-dasharray": {
                    "base": 1,
                    "stops": [[14, [1, 2]], [15, [4, 8]]]
                },
                "line-color": "hsl(0, 0%, 100%)"
            }
        },
        {
            "id": "building",
            "type": "fill",
            "metadata": {"mapbox:group": "003e472752e5683c3f8ef9dee45b54a0"},
            "source": "composite",
            "source-layer": "building",
            "minzoom": 15,
            "filter": [
                "all",
                ["!=", "type", "building:part"],
                ["==", "underground", "false"]
            ],
            "layout": {},
            "paint": {
                "fill-opacity": 0.1,
                "fill-antialias": true,
                "fill-color": "hsl(0, 0%, 100%)"
            }
        },
        {
            "id": "tunnel-service-link-track-case",
            "type": "line",
            "metadata": {"mapbox:group": "ab588f3c9c75b626577112146960e2bf"},
            "source": "composite",
            "source-layer": "road",
            "minzoom": 14,
            "filter": [
                "all",
                ["!=", "type", "trunk_link"],
                ["==", "structure", "tunnel"],
                ["in", "class", "link", "service", "track"]
            ],
            "layout": {
                "line-cap": "round",
                "line-join": "round",
                "visibility": "visible"
            },
            "paint": {
                "line-width": {"base": 1.5, "stops": [[12, 0.75], [20, 2]]},
                "line-dasharray": [3, 3],
                "line-gap-width": {"base": 1.5, "stops": [[14, 0.5], [18, 12]]},
                "line-color": "hsl(0, 0%, 100%)"
            }
        },
        {
            "id": "tunnel-street-case",
            "type": "line",
            "metadata": {"mapbox:group": "ab588f3c9c75b626577112146960e2bf"},
            "source": "composite",
            "source-layer": "road",
            "minzoom": 11,
            "filter": [
                "all",
                ["==", "structure", "tunnel"],
                ["in", "class", "street", "street_limited"]
            ],
            "layout": {
                "line-cap": "round",
                "line-join": "round",
                "visibility": "visible"
            },
            "paint": {
                "line-width": {"base": 1.5, "stops": [[12, 0.75], [20, 2]]},
                "line-opacity": {"base": 1, "stops": [[13, 0], [14, 1]]},
                "line-gap-width": {
                    "base": 1.5,
                    "stops": [[13, 0], [14, 2], [18, 18]]
                },
                "line-dasharray": [3, 3],
                "line-color": "hsl(0, 0%, 100%)"
            }
        },
        {
            "id": "tunnel-secondary-tertiary-case",
            "type": "line",
            "metadata": {"mapbox:group": "ab588f3c9c75b626577112146960e2bf"},
            "source": "composite",
            "source-layer": "road",
            "filter": [
                "all",
                ["==", "structure", "tunnel"],
                ["in", "class", "secondary", "tertiary"]
            ],
            "layout": {
                "line-cap": "round",
                "line-join": "round",
                "visibility": "visible"
            },
            "paint": {
                "line-width": {"base": 1.2, "stops": [[10, 0.75], [18, 2]]},
                "line-dasharray": [3, 3],
                "line-gap-width": {
                    "base": 1.5,
                    "stops": [[8.5, 0.5], [10, 0.75], [18, 26]]
                },
                "line-color": "hsl(0, 0%, 100%)"
            }
        },
        {
            "id": "tunnel-primary-case",
            "type": "line",
            "metadata": {"mapbox:group": "ab588f3c9c75b626577112146960e2bf"},
            "source": "composite",
            "source-layer": "road",
            "filter": [
                "all",
                ["==", "class", "primary"],
                ["==", "structure", "tunnel"]
            ],
            "layout": {
                "line-cap": "round",
                "line-join": "round",
                "visibility": "visible"
            },
            "paint": {
                "line-width": {"base": 1.5, "stops": [[5, 0.75], [16, 2]]},
                "line-dasharray": [3, 3],
                "line-gap-width": {"base": 1.5, "stops": [[5, 0.75], [18, 32]]},
                "line-color": "hsl(0, 0%, 100%)"
            }
        },
        {
            "id": "tunnel-trunk-link-case",
            "type": "line",
            "metadata": {"mapbox:group": "ab588f3c9c75b626577112146960e2bf"},
            "source": "composite",
            "source-layer": "road",
            "minzoom": 13,
            "filter": [
                "all",
                ["==", "structure", "tunnel"],
                ["==", "type", "trunk_link"]
            ],
            "layout": {
                "line-cap": "round",
                "line-join": "round",
                "visibility": "visible"
            },
            "paint": {
                "line-width": {"base": 1.5, "stops": [[12, 0.75], [20, 2]]},
                "line-dasharray": [3, 3],
                "line-gap-width": {
                    "base": 1.5,
                    "stops": [[12, 0.5], [14, 2], [18, 18]]
                },
                "line-color": "hsl(0, 0%, 100%)"
            }
        },
        {
            "id": "tunnel-motorway-link-case",
            "type": "line",
            "metadata": {"mapbox:group": "ab588f3c9c75b626577112146960e2bf"},
            "source": "composite",
            "source-layer": "road",
            "minzoom": 13,
            "filter": [
                "all",
                ["==", "class", "motorway_link"],
                ["==", "structure", "tunnel"]
            ],
            "layout": {
                "line-cap": "round",
                "line-join": "round",
                "visibility": "visible"
            },
            "paint": {
                "line-width": {"base": 1.5, "stops": [[12, 0.75], [20, 2]]},
                "line-dasharray": [3, 3],
                "line-gap-width": {
                    "base": 1.5,
                    "stops": [[12, 0.5], [14, 2], [18, 18]]
                },
                "line-color": "hsl(0, 0%, 100%)"
            }
        },
        {
            "id": "tunnel-trunk-case",
            "type": "line",
            "metadata": {"mapbox:group": "ab588f3c9c75b626577112146960e2bf"},
            "source": "composite",
            "source-layer": "road",
            "filter": [
                "all",
                ["==", "structure", "tunnel"],
                ["==", "type", "trunk"]
            ],
            "layout": {
                "line-cap": "round",
                "line-join": "round",
                "visibility": "visible"
            },
            "paint": {
                "line-width": {"base": 1.5, "stops": [[5, 0.75], [16, 2]]},
                "line-dasharray": [3, 3],
                "line-gap-width": {"base": 1.5, "stops": [[5, 0.75], [18, 32]]},
                "line-opacity": 1,
                "line-color": "hsl(0, 0%, 100%)"
            }
        },
        {
            "id": "tunnel-motorway-case",
            "type": "line",
            "metadata": {"mapbox:group": "ab588f3c9c75b626577112146960e2bf"},
            "source": "composite",
            "source-layer": "road",
            "filter": [
                "all",
                ["==", "class", "motorway"],
                ["==", "structure", "tunnel"]
            ],
            "layout": {
                "line-cap": "round",
                "line-join": "round",
                "visibility": "visible"
            },
            "paint": {
                "line-width": {"base": 1.5, "stops": [[5, 0.75], [16, 2]]},
                "line-dasharray": [3, 3],
                "line-gap-width": {"base": 1.5, "stops": [[5, 0.75], [18, 32]]},
                "line-opacity": 1,
                "line-color": "hsl(0, 0%, 100%)"
            }
        },
        {
            "id": "tunnel-construction",
            "type": "line",
            "metadata": {"mapbox:group": "ab588f3c9c75b626577112146960e2bf"},
            "source": "composite",
            "source-layer": "road",
            "minzoom": 14,
            "filter": [
                "all",
                ["==", "class", "construction"],
                ["==", "structure", "tunnel"]
            ],
            "layout": {"line-join": "miter", "visibility": "visible"},
            "paint": {
                "line-width": {
                    "base": 1.5,
                    "stops": [[12.5, 0.5], [14, 2], [18, 18]]
                },
                "line-dasharray": {
                    "base": 1,
                    "stops": [
                        [14, [0.4, 0.8]],
                        [15, [0.3, 0.6]],
                        [16, [0.2, 0.3]],
                        [17, [0.2, 0.25]],
                        [18, [0.15, 0.15]]
                    ]
                },
                "line-opacity": 0.5,
                "line-color": "hsl(0, 0%, 100%)"
            }
        },
        {
            "id": "tunnel-path",
            "type": "line",
            "metadata": {"mapbox:group": "ab588f3c9c75b626577112146960e2bf"},
            "source": "composite",
            "source-layer": "road",
            "filter": [
                "all",
                ["==", "class", "path"],
                ["==", "structure", "tunnel"]
            ],
            "layout": {"line-join": "round", "visibility": "visible"},
            "paint": {
                "line-width": {"base": 1.5, "stops": [[15, 1], [18, 2]]},
                "line-dasharray": [0.25, 4],
                "line-opacity": 0.5,
                "line-color": "hsl(0, 0%, 100%)"
            }
        },
        {
            "id": "tunnel-trunk-link",
            "type": "line",
            "metadata": {"mapbox:group": "ab588f3c9c75b626577112146960e2bf"},
            "source": "composite",
            "source-layer": "road",
            "minzoom": 13,
            "filter": [
                "all",
                ["==", "structure", "tunnel"],
                ["==", "type", "trunk_link"]
            ],
            "layout": {
                "line-cap": "round",
                "line-join": "round",
                "visibility": "visible"
            },
            "paint": {
                "line-width": {
                    "base": 1.5,
                    "stops": [[12, 0.5], [14, 2], [18, 18]]
                },
                "line-dasharray": [1, 0],
                "line-opacity": 1,
                "line-color": "hsl(0, 0%, 100%)"
            }
        },
        {
            "id": "tunnel-motorway-link",
            "type": "line",
            "metadata": {"mapbox:group": "ab588f3c9c75b626577112146960e2bf"},
            "source": "composite",
            "source-layer": "road",
            "minzoom": 13,
            "filter": [
                "all",
                ["==", "class", "motorway_link"],
                ["==", "structure", "tunnel"]
            ],
            "layout": {
                "line-cap": "round",
                "line-join": "round",
                "visibility": "visible"
            },
            "paint": {
                "line-width": {
                    "base": 1.5,
                    "stops": [[12, 0.5], [14, 2], [18, 18]]
                },
                "line-dasharray": [1, 0],
                "line-opacity": 1,
                "line-color": "hsl(0, 0%, 100%)"
            }
        },
        {
            "id": "tunnel-pedestrian",
            "type": "line",
            "metadata": {"mapbox:group": "ab588f3c9c75b626577112146960e2bf"},
            "source": "composite",
            "source-layer": "road",
            "minzoom": 13,
            "filter": [
                "all",
                ["==", "$type", "LineString"],
                [
                    "all",
                    ["==", "class", "pedestrian"],
                    ["==", "structure", "tunnel"]
                ]
            ],
            "layout": {"line-join": "round", "visibility": "visible"},
            "paint": {
                "line-width": {"base": 1.5, "stops": [[14, 0.5], [18, 12]]},
                "line-dasharray": {
                    "base": 1,
                    "stops": [[14, [1, 0]], [15, [1.5, 0.4]], [16, [1, 0.2]]]
                },
                "line-opacity": 0.5,
                "line-color": "hsl(0, 0%, 100%)"
            }
        },
        {
            "id": "tunnel-service-link-track",
            "type": "line",
            "metadata": {"mapbox:group": "ab588f3c9c75b626577112146960e2bf"},
            "source": "composite",
            "source-layer": "road",
            "minzoom": 14,
            "filter": [
                "all",
                ["!=", "type", "trunk_link"],
                ["==", "structure", "tunnel"],
                ["in", "class", "link", "service", "track"]
            ],
            "layout": {
                "line-cap": "round",
                "line-join": "round",
                "visibility": "visible"
            },
            "paint": {
                "line-width": {"base": 1.5, "stops": [[14, 0.5], [18, 12]]},
                "line-opacity": 0.5,
                "line-dasharray": [1, 0],
                "line-color": "hsl(0, 0%, 100%)"
            }
        },
        {
            "id": "tunnel-street",
            "type": "line",
            "metadata": {"mapbox:group": "ab588f3c9c75b626577112146960e2bf"},
            "source": "composite",
            "source-layer": "road",
            "minzoom": 11,
            "filter": [
                "all",
                ["==", "structure", "tunnel"],
                ["in", "class", "street", "street_limited"]
            ],
            "layout": {
                "line-cap": "round",
                "line-join": "round",
                "visibility": "visible"
            },
            "paint": {
                "line-width": {
                    "base": 1.5,
                    "stops": [[12.5, 0.5], [14, 2], [18, 18]]
                },
                "line-opacity": 0.5,
                "line-color": "hsl(0, 0%, 100%)"
            }
        },
        {
            "id": "tunnel-secondary-tertiary",
            "type": "line",
            "metadata": {"mapbox:group": "ab588f3c9c75b626577112146960e2bf"},
            "source": "composite",
            "source-layer": "road",
            "filter": [
                "all",
                ["==", "structure", "tunnel"],
                ["in", "class", "secondary", "tertiary"]
            ],
            "layout": {
                "line-cap": "round",
                "line-join": "round",
                "visibility": "visible"
            },
            "paint": {
                "line-width": {
                    "base": 1.5,
                    "stops": [[8.5, 0.5], [10, 0.75], [18, 26]]
                },
                "line-dasharray": [1, 0],
                "line-opacity": 1,
                "line-color": "hsl(0, 0%, 100%)"
            }
        },
        {
            "id": "tunnel-primary",
            "type": "line",
            "metadata": {"mapbox:group": "ab588f3c9c75b626577112146960e2bf"},
            "source": "composite",
            "source-layer": "road",
            "filter": [
                "all",
                ["==", "class", "primary"],
                ["==", "structure", "tunnel"]
            ],
            "layout": {
                "line-cap": "round",
                "line-join": "round",
                "visibility": "visible"
            },
            "paint": {
                "line-width": {"base": 1.5, "stops": [[5, 0.75], [18, 32]]},
                "line-dasharray": [1, 0],
                "line-opacity": 1,
                "line-color": "hsl(0, 0%, 100%)"
            }
        },
        {
            "id": "tunnel-trunk",
            "type": "line",
            "metadata": {"mapbox:group": "ab588f3c9c75b626577112146960e2bf"},
            "source": "composite",
            "source-layer": "road",
            "filter": [
                "all",
                ["==", "class", "trunk"],
                ["==", "structure", "tunnel"]
            ],
            "layout": {
                "line-cap": "round",
                "line-join": "round",
                "visibility": "visible"
            },
            "paint": {
                "line-width": {"base": 1.5, "stops": [[5, 0.75], [18, 32]]},
                "line-color": "hsl(0, 0%, 100%)"
            }
        },
        {
            "id": "tunnel-motorway",
            "type": "line",
            "metadata": {"mapbox:group": "ab588f3c9c75b626577112146960e2bf"},
            "source": "composite",
            "source-layer": "road",
            "filter": [
                "all",
                ["==", "class", "motorway"],
                ["==", "structure", "tunnel"]
            ],
            "layout": {
                "line-cap": "round",
                "line-join": "round",
                "visibility": "visible"
            },
            "paint": {
                "line-width": {"base": 1.5, "stops": [[5, 0.75], [18, 32]]},
                "line-dasharray": [1, 0],
                "line-opacity": 1,
                "line-color": "hsl(0, 0%, 100%)"
            }
        },
        {
            "id": "road-pedestrian-case",
            "type": "line",
            "metadata": {"mapbox:group": "0cb8c63458cbe21bbe1ad66543f73a04"},
            "source": "composite",
            "source-layer": "road",
            "minzoom": 16,
            "filter": [
                "all",
                ["==", "$type", "LineString"],
                [
                    "all",
                    ["==", "class", "pedestrian"],
                    ["==", "structure", "none"]
                ]
            ],
            "layout": {"line-join": "round", "visibility": "visible"},
            "paint": {
                "line-width": {"base": 1.25, "stops": [[14, 1], [20, 2]]},
                "line-opacity": {"base": 1, "stops": [[0, 1], [22, 1]]},
                "line-color": "hsl(0, 0%, 100%)"
            }
        },
        {
            "id": "road-service-link-track-case",
            "type": "line",
            "metadata": {"mapbox:group": "0cb8c63458cbe21bbe1ad66543f73a04"},
            "source": "composite",
            "source-layer": "road",
            "minzoom": 16,
            "filter": [
                "all",
                ["!=", "type", "trunk_link"],
                ["!in", "structure", "bridge", "tunnel"],
                ["in", "class", "link", "service", "track"]
            ],
            "layout": {
                "line-join": "round",
                "line-cap": "round",
                "visibility": "visible"
            },
            "paint": {
                "line-width": {"base": 1.25, "stops": [[14, 1], [20, 2]]},
                "line-opacity": {"base": 1, "stops": [[0, 1], [22, 1]]},
                "line-gap-width": {"base": 1.5, "stops": [[14, 0.5], [18, 12]]},
                "line-color": "hsl(0, 0%, 100%)"
            }
        },
        {
            "id": "road-street-case",
            "type": "line",
            "metadata": {"mapbox:group": "0cb8c63458cbe21bbe1ad66543f73a04"},
            "source": "composite",
            "source-layer": "road",
            "minzoom": 11,
            "filter": [
                "all",
                ["==", "$type", "LineString"],
                [
                    "all",
                    ["==", "structure", "none"],
                    ["in", "class", "street", "street_limited"]
                ]
            ],
            "layout": {
                "line-cap": "round",
                "line-join": "round",
                "visibility": "visible"
            },
            "paint": {
                "line-width": {"base": 1.25, "stops": [[14, 1], [20, 2]]},
                "line-opacity": {"base": 1, "stops": [[0, 1], [22, 1]]},
                "line-gap-width": {
                    "base": 1.5,
                    "stops": [[13, 0], [14, 2], [18, 18]]
                },
                "line-color": "hsl(0, 0%, 100%)"
            }
        },
        {
            "id": "road-main-case",
            "type": "line",
            "metadata": {"mapbox:group": "0cb8c63458cbe21bbe1ad66543f73a04"},
            "source": "composite",
            "source-layer": "road",
            "filter": [
                "all",
                ["!in", "structure", "bridge", "tunnel"],
                ["in", "class", "secondary", "tertiary"]
            ],
            "layout": {
                "line-cap": "round",
                "line-join": "round",
                "visibility": "visible"
            },
            "paint": {
                "line-width": {"base": 1.25, "stops": [[14, 1], [20, 2]]},
                "line-opacity": {"base": 1, "stops": [[0, 1], [22, 1]]},
                "line-gap-width": {
                    "base": 1.5,
                    "stops": [[8.5, 0.5], [10, 0.75], [18, 26]]
                },
                "line-color": "hsl(0, 0%, 100%)"
            }
        },
        {
            "id": "road-primary-case",
            "type": "line",
            "metadata": {"mapbox:group": "0cb8c63458cbe21bbe1ad66543f73a04"},
            "source": "composite",
            "source-layer": "road",
            "filter": [
                "all",
                ["!in", "structure", "bridge", "tunnel"],
                ["==", "class", "primary"]
            ],
            "layout": {
                "line-cap": "round",
                "line-join": "round",
                "visibility": "visible"
            },
            "paint": {
                "line-width": {"base": 1.25, "stops": [[14, 1], [20, 2]]},
                "line-opacity": {"base": 1, "stops": [[0, 1], [22, 1]]},
                "line-gap-width": {"base": 1.5, "stops": [[5, 0.75], [18, 32]]},
                "line-color": "hsl(0, 0%, 100%)"
            }
        },
        {
            "id": "road-motorway-link-case",
            "type": "line",
            "metadata": {"mapbox:group": "0cb8c63458cbe21bbe1ad66543f73a04"},
            "source": "composite",
            "source-layer": "road",
            "minzoom": 10,
            "filter": [
                "all",
                ["!in", "structure", "bridge", "tunnel"],
                ["==", "class", "motorway_link"]
            ],
            "layout": {
                "line-cap": "round",
                "line-join": "round",
                "visibility": "visible"
            },
            "paint": {
                "line-width": {"base": 1.25, "stops": [[14, 1], [20, 2]]},
                "line-opacity": {"base": 1, "stops": [[0, 1], [22, 1]]},
                "line-gap-width": {
                    "base": 1.5,
                    "stops": [[12, 0.5], [14, 2], [18, 18]]
                },
                "line-color": "hsl(0, 0%, 100%)"
            }
        },
        {
            "id": "road-trunk-link-case",
            "type": "line",
            "metadata": {"mapbox:group": "0cb8c63458cbe21bbe1ad66543f73a04"},
            "source": "composite",
            "source-layer": "road",
            "minzoom": 11,
            "filter": [
                "all",
                ["!in", "structure", "bridge", "tunnel"],
                ["==", "type", "trunk_link"]
            ],
            "layout": {
                "line-cap": "round",
                "line-join": "round",
                "visibility": "visible"
            },
            "paint": {
                "line-width": {"base": 1.25, "stops": [[14, 1], [20, 2]]},
                "line-opacity": {"base": 1, "stops": [[0, 1], [22, 1]]},
                "line-gap-width": {
                    "base": 1.5,
                    "stops": [[12, 0.5], [14, 2], [18, 18]]
                },
                "line-color": "hsl(0, 0%, 100%)"
            }
        },
        {
            "id": "road-trunk-case",
            "type": "line",
            "metadata": {"mapbox:group": "0cb8c63458cbe21bbe1ad66543f73a04"},
            "source": "composite",
            "source-layer": "road",
            "minzoom": 5,
            "filter": [
                "all",
                ["!in", "structure", "bridge", "tunnel"],
                ["==", "class", "trunk"]
            ],
            "layout": {
                "line-cap": "round",
                "line-join": "round",
                "visibility": "visible"
            },
            "paint": {
                "line-width": {"base": 1.25, "stops": [[14, 1], [20, 2]]},
                "line-opacity": {"base": 1, "stops": [[0, 1], [22, 1]]},
                "line-gap-width": {
                    "base": 1.5,
                    "stops": [[5, 0.5], [9, 1.4], [18, 32]]
                },
                "line-color": "hsl(0, 0%, 100%)"
            }
        },
        {
            "id": "road-motorway-case",
            "type": "line",
            "metadata": {"mapbox:group": "0cb8c63458cbe21bbe1ad66543f73a04"},
            "source": "composite",
            "source-layer": "road",
            "filter": [
                "all",
                ["!in", "structure", "bridge", "tunnel"],
                ["==", "class", "motorway"]
            ],
            "layout": {
                "line-cap": "round",
                "line-join": "round",
                "visibility": "visible"
            },
            "paint": {
                "line-width": {"base": 1.25, "stops": [[14, 1], [20, 2]]},
                "line-opacity": {"base": 1, "stops": [[0, 1], [22, 1]]},
                "line-gap-width": {"base": 1.5, "stops": [[5, 0.75], [18, 32]]},
                "line-color": "hsl(0, 0%, 100%)"
            }
        },
        {
            "id": "road-construction",
            "type": "line",
            "metadata": {"mapbox:group": "0cb8c63458cbe21bbe1ad66543f73a04"},
            "source": "composite",
            "source-layer": "road",
            "minzoom": 14,
            "filter": [
                "all",
                ["==", "$type", "LineString"],
                [
                    "all",
                    ["==", "class", "construction"],
                    ["==", "structure", "none"]
                ]
            ],
            "layout": {"line-join": "miter", "visibility": "visible"},
            "paint": {
                "line-width": {"base": 1.25, "stops": [[14, 1], [20, 2]]},
                "line-dasharray": {
                    "base": 1,
                    "stops": [
                        [14, [0.4, 0.8]],
                        [15, [0.3, 0.6]],
                        [16, [0.2, 0.3]],
                        [17, [0.2, 0.25]],
                        [18, [0.15, 0.15]]
                    ]
                },
                "line-opacity": {"base": 1, "stops": [[0, 1], [22, 1]]},
                "line-color": "hsl(0, 0%, 100%)"
            }
        },
        {
            "id": "road-sidewalks",
            "type": "line",
            "metadata": {"mapbox:group": "0cb8c63458cbe21bbe1ad66543f73a04"},
            "source": "composite",
            "source-layer": "road",
            "minzoom": 16,
            "filter": [
                "all",
                ["==", "$type", "LineString"],
                [
                    "all",
                    ["!in", "structure", "bridge", "tunnel"],
                    ["in", "type", "crossing", "sidewalk"]
                ]
            ],
            "layout": {"line-join": "round", "visibility": "visible"},
            "paint": {
                "line-width": {"base": 1.25, "stops": [[14, 1], [20, 2]]},
                "line-opacity": {"base": 1, "stops": [[0, 1], [22, 1]]},
                "line-dasharray": [0.25, 1],
                "line-color": "hsl(0, 0%, 100%)"
            }
        },
        {
            "id": "road-path",
            "type": "line",
            "metadata": {"mapbox:group": "0cb8c63458cbe21bbe1ad66543f73a04"},
            "source": "composite",
            "source-layer": "road",
            "filter": [
                "all",
                ["==", "$type", "LineString"],
                [
                    "all",
                    ["!in", "structure", "bridge", "tunnel"],
                    ["!in", "type", "crossing", "sidewalk"],
                    ["==", "class", "path"]
                ]
            ],
            "layout": {
                "line-join": "round",
                "visibility": "visible",
                "line-cap": "round"
            },
            "paint": {
                "line-width": {"base": 1.25, "stops": [[14, 1], [20, 2]]},
                "line-opacity": {"base": 1, "stops": [[0, 1], [22, 1]]},
                "line-dasharray": [0.25, 4],
                "line-color": "hsl(0, 0%, 100%)"
            }
        },
        {
            "id": "road-trunk-link",
            "type": "line",
            "metadata": {"mapbox:group": "0cb8c63458cbe21bbe1ad66543f73a04"},
            "source": "composite",
            "source-layer": "road",
            "minzoom": 11,
            "filter": [
                "all",
                ["!in", "structure", "bridge", "tunnel"],
                ["==", "type", "trunk_link"]
            ],
            "layout": {
                "line-cap": "round",
                "line-join": "round",
                "visibility": "visible"
            },
            "paint": {
                "line-width": {"base": 1.25, "stops": [[14, 1], [20, 2]]},
                "line-opacity": {"base": 1, "stops": [[0, 1], [22, 1]]},
                "line-color": "hsl(0, 0%, 100%)"
            }
        },
        {
            "id": "road-motorway-link",
            "type": "line",
            "metadata": {"mapbox:group": "0cb8c63458cbe21bbe1ad66543f73a04"},
            "source": "composite",
            "source-layer": "road",
            "minzoom": 10,
            "filter": [
                "all",
                ["!in", "structure", "bridge", "tunnel"],
                ["==", "class", "motorway_link"]
            ],
            "layout": {
                "line-cap": "round",
                "line-join": "round",
                "visibility": "visible"
            },
            "paint": {
                "line-width": {"base": 1.25, "stops": [[14, 1], [20, 2]]},
                "line-opacity": {"base": 1, "stops": [[0, 1], [22, 1]]},
                "line-color": "hsl(0, 0%, 100%)"
            }
        },
        {
            "id": "road-pedestrian",
            "type": "line",
            "metadata": {"mapbox:group": "0cb8c63458cbe21bbe1ad66543f73a04"},
            "source": "composite",
            "source-layer": "road",
            "minzoom": 16,
            "filter": [
                "all",
                ["==", "$type", "LineString"],
                [
                    "all",
                    ["==", "class", "pedestrian"],
                    ["==", "structure", "none"]
                ]
            ],
            "layout": {"line-join": "round", "visibility": "visible"},
            "paint": {
                "line-width": {"base": 1.25, "stops": [[14, 1], [20, 2]]},
                "line-dasharray": {
                    "base": 1,
                    "stops": [[14, [1, 0]], [15, [1.5, 0.4]], [16, [1, 0.2]]]
                },
                "line-opacity": {"base": 1, "stops": [[0, 1], [22, 1]]},
                "line-color": "hsl(0, 0%, 100%)"
            }
        },
        {
            "id": "road-service-link-track",
            "type": "line",
            "metadata": {"mapbox:group": "0cb8c63458cbe21bbe1ad66543f73a04"},
            "source": "composite",
            "source-layer": "road",
            "minzoom": 16,
            "filter": [
                "all",
                ["!=", "type", "trunk_link"],
                ["!in", "structure", "bridge", "tunnel"],
                ["in", "class", "link", "service", "track"]
            ],
            "layout": {
                "line-join": "round",
                "line-cap": "round",
                "visibility": "visible"
            },
            "paint": {
                "line-width": {"base": 1.25, "stops": [[14, 1], [20, 2]]},
                "line-opacity": {"base": 1, "stops": [[0, 1], [22, 1]]},
                "line-color": "hsl(0, 0%, 100%)"
            }
        },
        {
            "id": "road-street",
            "type": "line",
            "metadata": {"mapbox:group": "0cb8c63458cbe21bbe1ad66543f73a04"},
            "source": "composite",
            "source-layer": "road",
            "minzoom": 11,
            "filter": [
                "all",
                ["==", "$type", "LineString"],
                [
                    "all",
                    ["==", "structure", "none"],
                    ["in", "class", "street", "street_limited"]
                ]
            ],
            "layout": {
                "line-cap": "round",
                "line-join": "round",
                "visibility": "visible"
            },
            "paint": {
                "line-width": {"base": 1.25, "stops": [[14, 1], [20, 2]]},
                "line-opacity": {"base": 1, "stops": [[0, 1], [22, 1]]},
                "line-color": "hsl(0, 0%, 100%)"
            }
        },
        {
            "id": "road-secondary-tertiary",
            "type": "line",
            "metadata": {"mapbox:group": "0cb8c63458cbe21bbe1ad66543f73a04"},
            "source": "composite",
            "source-layer": "road",
            "filter": [
                "all",
                ["!in", "structure", "bridge", "tunnel"],
                ["in", "class", "secondary", "tertiary"]
            ],
            "layout": {
                "line-cap": "round",
                "line-join": "round",
                "visibility": "visible"
            },
            "paint": {
                "line-width": {"base": 1.25, "stops": [[14, 1], [20, 2]]},
                "line-opacity": {"base": 1, "stops": [[0, 1], [22, 1]]},
                "line-color": "hsl(0, 0%, 100%)"
            }
        },
        {
            "id": "road-primary",
            "type": "line",
            "metadata": {"mapbox:group": "0cb8c63458cbe21bbe1ad66543f73a04"},
            "source": "composite",
            "source-layer": "road",
            "filter": [
                "all",
                ["!in", "structure", "bridge", "tunnel"],
                ["==", "class", "primary"]
            ],
            "layout": {
                "line-cap": "round",
                "line-join": "round",
                "visibility": "visible"
            },
            "paint": {
                "line-width": {"base": 1.25, "stops": [[14, 1], [20, 2]]},
                "line-opacity": {"base": 1, "stops": [[0, 1], [22, 1]]},
                "line-color": "hsl(0, 0%, 100%)"
            }
        },
        {
            "id": "road-trunk",
            "type": "line",
            "metadata": {"mapbox:group": "0cb8c63458cbe21bbe1ad66543f73a04"},
            "source": "composite",
            "source-layer": "road",
            "minzoom": 5,
            "filter": [
                "all",
                ["!in", "structure", "bridge", "tunnel"],
                ["==", "class", "trunk"]
            ],
            "layout": {
                "line-cap": "round",
                "line-join": "round",
                "visibility": "visible"
            },
            "paint": {
                "line-width": {"base": 1.25, "stops": [[14, 1], [20, 2]]},
                "line-opacity": {"base": 1, "stops": [[0, 1], [22, 1]]},
                "line-color": "hsl(0, 0%, 100%)"
            }
        },
        {
            "id": "road-motorway",
            "type": "line",
            "metadata": {"mapbox:group": "0cb8c63458cbe21bbe1ad66543f73a04"},
            "source": "composite",
            "source-layer": "road",
            "filter": [
                "all",
                ["!in", "structure", "bridge", "tunnel"],
                ["==", "class", "motorway"]
            ],
            "layout": {
                "line-cap": "round",
                "line-join": "round",
                "visibility": "visible"
            },
            "paint": {
                "line-width": {"base": 1.25, "stops": [[14, 1], [20, 2]]},
                "line-opacity": {"base": 1, "stops": [[0, 1], [22, 1]]},
                "line-color": "hsl(0, 0%, 100%)"
            }
        },
        {
            "id": "road-rail-case",
            "type": "line",
            "metadata": {"mapbox:group": "0cb8c63458cbe21bbe1ad66543f73a04"},
            "source": "composite",
            "source-layer": "road",
            "minzoom": 13,
            "filter": [
                "all",
                ["!=", "structure", "tunnel"],
                ["in", "class", "major_rail", "minor_rail"]
            ],
            "layout": {
                "line-join": "miter",
                "line-cap": "square",
                "visibility": "visible"
            },
            "paint": {
                "line-opacity": {"base": 1, "stops": [[0, 1], [22, 1]]},
                "line-width": {"base": 1.25, "stops": [[14, 1], [20, 2]]},
                "line-dasharray": [0.25, 10],
                "line-color": "hsl(0, 0%, 100%)"
            }
        },
        {
            "id": "road-rail",
            "type": "line",
            "metadata": {"mapbox:group": "0cb8c63458cbe21bbe1ad66543f73a04"},
            "source": "composite",
            "source-layer": "road",
            "minzoom": 13,
            "filter": [
                "all",
                ["!=", "structure", "tunnel"],
                ["in", "class", "major_rail", "minor_rail"]
            ],
            "layout": {"line-join": "round", "visibility": "visible"},
            "paint": {
                "line-opacity": {"base": 1, "stops": [[0, 1], [22, 1]]},
                "line-width": {"base": 1.25, "stops": [[14, 1], [20, 2]]},
                "line-color": "hsl(0, 0%, 100%)"
            }
        },
        {
            "id": "road-subway",
            "type": "line",
            "metadata": {"mapbox:group": "0cb8c63458cbe21bbe1ad66543f73a04"},
            "source": "composite",
            "source-layer": "road",
            "minzoom": 13,
            "filter": [
                "all",
                ["==", "type", "subway"],
                ["in", "class", "major_rail", "minor_rail"]
            ],
            "layout": {"line-join": "round", "visibility": "visible"},
            "paint": {
                "line-opacity": {"base": 1, "stops": [[0, 1], [22, 1]]},
                "line-dasharray": [2, 1],
                "line-width": {"base": 1.25, "stops": [[14, 1], [20, 2]]},
                "line-color": "hsl(0, 0%, 100%)"
            }
        },
        {
            "id": "bridge-pedestrian-case",
            "type": "line",
            "metadata": {"mapbox:group": "f423319a6dab2ed463382f7e7edc5da1"},
            "source": "composite",
            "source-layer": "road",
            "minzoom": 16,
            "filter": [
                "all",
                ["==", "$type", "LineString"],
                [
                    "all",
                    ["==", "class", "pedestrian"],
                    ["==", "structure", "bridge"]
                ]
            ],
            "layout": {"line-join": "round", "visibility": "visible"},
            "paint": {
                "line-width": {"base": 1.5, "stops": [[14, 2], [18, 14.5]]},
                "line-opacity": {"base": 1, "stops": [[13, 0], [14, 1]]},
                "line-color": "hsl(0, 0%, 100%)"
            }
        },
        {
            "id": "bridge-service-link-track-case",
            "type": "line",
            "metadata": {"mapbox:group": "f423319a6dab2ed463382f7e7edc5da1"},
            "source": "composite",
            "source-layer": "road",
            "minzoom": 14,
            "filter": [
                "all",
                ["!=", "type", "trunk_link"],
                ["==", "structure", "bridge"],
                ["in", "class", "link", "service", "track"]
            ],
            "layout": {"line-join": "round", "visibility": "visible"},
            "paint": {
                "line-width": {"base": 1.5, "stops": [[12, 0.75], [20, 2]]},
                "line-gap-width": {"base": 1.5, "stops": [[14, 0.5], [18, 12]]},
                "line-color": "hsl(0, 0%, 100%)"
            }
        },
        {
            "id": "bridge-street-case",
            "type": "line",
            "metadata": {"mapbox:group": "f423319a6dab2ed463382f7e7edc5da1"},
            "source": "composite",
            "source-layer": "road",
            "minzoom": 11,
            "filter": [
                "all",
                ["==", "structure", "bridge"],
                ["in", "class", "street", "street_limited"]
            ],
            "layout": {"line-join": "round", "visibility": "visible"},
            "paint": {
                "line-width": {"base": 1.5, "stops": [[12, 0.75], [20, 2]]},
                "line-gap-width": {
                    "base": 1.5,
                    "stops": [[13, 0], [14, 2], [18, 18]]
                },
                "line-opacity": {"base": 1, "stops": [[13, 0], [14, 1]]},
                "line-color": "hsl(0, 0%, 100%)"
            }
        },
        {
            "id": "bridge-secondary-tertiary-case",
            "type": "line",
            "metadata": {"mapbox:group": "f423319a6dab2ed463382f7e7edc5da1"},
            "source": "composite",
            "source-layer": "road",
            "filter": [
                "all",
                ["==", "structure", "bridge"],
                ["in", "class", "secondary", "tertiary"]
            ],
            "layout": {"line-join": "round", "visibility": "visible"},
            "paint": {
                "line-width": {"base": 1.2, "stops": [[10, 0.75], [18, 2]]},
                "line-translate": [0, 0],
                "line-gap-width": {
                    "base": 1.5,
                    "stops": [[8.5, 0.5], [10, 0.75], [18, 26]]
                },
                "line-color": "hsl(0, 0%, 100%)"
            }
        },
        {
            "id": "bridge-primary-case",
            "type": "line",
            "metadata": {"mapbox:group": "f423319a6dab2ed463382f7e7edc5da1"},
            "source": "composite",
            "source-layer": "road",
            "filter": [
                "all",
                ["==", "class", "primary"],
                ["==", "structure", "bridge"]
            ],
            "layout": {"line-join": "round", "visibility": "visible"},
            "paint": {
                "line-width": {"base": 1.5, "stops": [[5, 0.75], [16, 2]]},
                "line-translate": [0, 0],
                "line-gap-width": {"base": 1.5, "stops": [[5, 0.75], [18, 32]]},
                "line-color": "hsl(0, 0%, 100%)"
            }
        },
        {
            "id": "bridge-trunk-link-case",
            "type": "line",
            "metadata": {"mapbox:group": "f423319a6dab2ed463382f7e7edc5da1"},
            "source": "composite",
            "source-layer": "road",
            "minzoom": 13,
            "filter": [
                "all",
                ["==", "structure", "bridge"],
                ["==", "type", "trunk_link"]
            ],
            "layout": {"line-join": "round", "visibility": "visible"},
            "paint": {
                "line-width": {"base": 1.5, "stops": [[12, 0.75], [20, 2]]},
                "line-opacity": {"base": 1, "stops": [[10.99, 0], [11, 1]]},
                "line-gap-width": {
                    "base": 1.5,
                    "stops": [[12, 0.5], [14, 2], [18, 18]]
                },
                "line-color": "hsl(0, 0%, 100%)"
            }
        },
        {
            "id": "bridge-motorway-link-case",
            "type": "line",
            "metadata": {"mapbox:group": "f423319a6dab2ed463382f7e7edc5da1"},
            "source": "composite",
            "source-layer": "road",
            "minzoom": 13,
            "filter": [
                "all",
                ["<=", "layer", 1],
                ["==", "class", "motorway_link"],
                ["==", "structure", "bridge"]
            ],
            "layout": {"line-join": "round", "visibility": "visible"},
            "paint": {
                "line-width": {"base": 1.5, "stops": [[12, 0.75], [20, 2]]},
                "line-opacity": 1,
                "line-gap-width": {
                    "base": 1.5,
                    "stops": [[12, 0.5], [14, 2], [18, 18]]
                },
                "line-color": "hsl(0, 0%, 100%)"
            }
        },
        {
            "id": "bridge-trunk-case",
            "type": "line",
            "metadata": {"mapbox:group": "f423319a6dab2ed463382f7e7edc5da1"},
            "source": "composite",
            "source-layer": "road",
            "filter": [
                "all",
                ["==", "class", "trunk"],
                ["==", "structure", "bridge"]
            ],
            "layout": {"line-join": "round", "visibility": "visible"},
            "paint": {
                "line-width": {"base": 1.5, "stops": [[10, 1], [16, 2]]},
                "line-gap-width": {"base": 1.5, "stops": [[5, 0.75], [18, 32]]},
                "line-color": "hsl(0, 0%, 100%)"
            }
        },
        {
            "id": "bridge-motorway-case",
            "type": "line",
            "metadata": {"mapbox:group": "f423319a6dab2ed463382f7e7edc5da1"},
            "source": "composite",
            "source-layer": "road",
            "filter": [
                "all",
                ["==", "class", "motorway"],
                ["==", "structure", "bridge"]
            ],
            "layout": {"line-join": "round", "visibility": "visible"},
            "paint": {
                "line-width": {
                    "base": 1.5,
                    "stops": [[7, 0.5], [10, 1], [16, 2]]
                },
                "line-gap-width": {"base": 1.5, "stops": [[5, 0.75], [18, 32]]},
                "line-color": "hsl(0, 0%, 100%)"
            }
        },
        {
            "id": "bridge-construction",
            "type": "line",
            "metadata": {"mapbox:group": "f423319a6dab2ed463382f7e7edc5da1"},
            "source": "composite",
            "source-layer": "road",
            "minzoom": 14,
            "filter": [
                "all",
                ["==", "class", "construction"],
                ["==", "structure", "bridge"]
            ],
            "layout": {"line-join": "miter", "visibility": "visible"},
            "paint": {
                "line-width": {
                    "base": 1.5,
                    "stops": [[12.5, 0.5], [14, 2], [18, 18]]
                },
                "line-dasharray": {
                    "base": 1,
                    "stops": [
                        [14, [0.4, 0.8]],
                        [15, [0.3, 0.6]],
                        [16, [0.2, 0.3]],
                        [17, [0.2, 0.25]],
                        [18, [0.15, 0.15]]
                    ]
                },
                "line-opacity": {"base": 1, "stops": [[13, 0], [14, 1]]},
                "line-color": "hsl(0, 0%, 100%)"
            }
        },
        {
            "id": "bridge-path",
            "type": "line",
            "metadata": {"mapbox:group": "f423319a6dab2ed463382f7e7edc5da1"},
            "source": "composite",
            "source-layer": "road",
            "filter": [
                "all",
                ["==", "class", "path"],
                ["==", "structure", "bridge"]
            ],
            "layout": {"line-join": "round", "visibility": "visible"},
            "paint": {
                "line-width": {"base": 1.5, "stops": [[15, 1], [18, 4]]},
                "line-opacity": {"base": 1, "stops": [[14, 0], [14.25, 1]]},
                "line-dasharray": [0.5, 2],
                "line-color": "hsl(0, 0%, 100%)"
            }
        },
        {
            "id": "bridge-trunk-link",
            "type": "line",
            "metadata": {"mapbox:group": "f423319a6dab2ed463382f7e7edc5da1"},
            "source": "composite",
            "source-layer": "road",
            "minzoom": 13,
            "filter": [
                "all",
                ["!in", "layer", 2, 3, 4, 5],
                ["==", "structure", "bridge"],
                ["==", "type", "trunk_link"]
            ],
            "layout": {
                "line-cap": "round",
                "line-join": "round",
                "visibility": "visible"
            },
            "paint": {
                "line-width": {
                    "base": 1.5,
                    "stops": [[12, 0.5], [14, 2], [18, 18]]
                },
                "line-color": "hsl(0, 0%, 100%)"
            }
        },
        {
            "id": "bridge-motorway-link",
            "type": "line",
            "metadata": {"mapbox:group": "f423319a6dab2ed463382f7e7edc5da1"},
            "source": "composite",
            "source-layer": "road",
            "minzoom": 13,
            "filter": [
                "all",
                ["!in", "layer", 2, 3, 4, 5],
                ["==", "class", "motorway_link"],
                ["==", "structure", "bridge"]
            ],
            "layout": {
                "line-cap": "round",
                "line-join": "round",
                "visibility": "visible"
            },
            "paint": {
                "line-width": {
                    "base": 1.5,
                    "stops": [[12, 0.5], [14, 2], [18, 18]]
                },
                "line-color": "hsl(0, 0%, 100%)"
            }
        },
        {
            "id": "bridge-pedestrian",
            "type": "line",
            "metadata": {"mapbox:group": "f423319a6dab2ed463382f7e7edc5da1"},
            "source": "composite",
            "source-layer": "road",
            "minzoom": 16,
            "filter": [
                "all",
                ["==", "$type", "LineString"],
                [
                    "all",
                    ["==", "class", "pedestrian"],
                    ["==", "structure", "bridge"]
                ]
            ],
            "layout": {"line-join": "round", "visibility": "visible"},
            "paint": {
                "line-width": {"base": 1.5, "stops": [[14, 0.5], [18, 12]]},
                "line-dasharray": {
                    "base": 1,
                    "stops": [[14, [1, 0]], [15, [1.5, 0.4]], [16, [1, 0.2]]]
                },
                "line-opacity": 1,
                "line-color": "hsl(0, 0%, 100%)"
            }
        },
        {
            "id": "bridge-service-link-track",
            "type": "line",
            "metadata": {"mapbox:group": "f423319a6dab2ed463382f7e7edc5da1"},
            "source": "composite",
            "source-layer": "road",
            "minzoom": 14,
            "filter": [
                "all",
                ["!=", "type", "trunk_link"],
                ["==", "structure", "bridge"],
                ["in", "class", "link", "service", "track"]
            ],
            "layout": {
                "line-cap": "round",
                "line-join": "round",
                "visibility": "visible"
            },
            "paint": {
                "line-width": {"base": 1.5, "stops": [[14, 0.5], [18, 12]]},
                "line-color": "hsl(0, 0%, 100%)"
            }
        },
        {
            "id": "bridge-street",
            "type": "line",
            "metadata": {"mapbox:group": "f423319a6dab2ed463382f7e7edc5da1"},
            "source": "composite",
            "source-layer": "road",
            "minzoom": 11,
            "filter": [
                "all",
                ["==", "structure", "bridge"],
                ["in", "class", "street", "street_limited"]
            ],
            "layout": {
                "line-cap": "round",
                "line-join": "round",
                "visibility": "visible"
            },
            "paint": {
                "line-width": {
                    "base": 1.5,
                    "stops": [[12.5, 0.5], [14, 2], [18, 18]]
                },
                "line-opacity": {"base": 1, "stops": [[13, 0], [14, 1]]},
                "line-color": "hsl(0, 0%, 100%)"
            }
        },
        {
            "id": "bridge-secondary-tertiary",
            "type": "line",
            "metadata": {"mapbox:group": "f423319a6dab2ed463382f7e7edc5da1"},
            "source": "composite",
            "source-layer": "road",
            "filter": [
                "all",
                ["==", "structure", "bridge"],
                ["in", "type", "secondary", "tertiary"]
            ],
            "layout": {
                "line-cap": "round",
                "line-join": "round",
                "visibility": "visible"
            },
            "paint": {
                "line-width": {
                    "base": 1.5,
                    "stops": [[8.5, 0.5], [10, 0.75], [18, 26]]
                },
                "line-opacity": {"base": 1.2, "stops": [[5, 0], [5.5, 1]]},
                "line-color": "hsl(0, 0%, 100%)"
            }
        },
        {
            "id": "bridge-primary",
            "type": "line",
            "metadata": {"mapbox:group": "f423319a6dab2ed463382f7e7edc5da1"},
            "source": "composite",
            "source-layer": "road",
            "filter": [
                "all",
                ["==", "structure", "bridge"],
                ["==", "type", "primary"]
            ],
            "layout": {
                "line-cap": "round",
                "line-join": "round",
                "visibility": "visible"
            },
            "paint": {
                "line-width": {"base": 1.5, "stops": [[5, 0.75], [18, 32]]},
                "line-opacity": {"base": 1.2, "stops": [[5, 0], [5.5, 1]]},
                "line-color": "hsl(0, 0%, 100%)"
            }
        },
        {
            "id": "bridge-trunk",
            "type": "line",
            "metadata": {"mapbox:group": "f423319a6dab2ed463382f7e7edc5da1"},
            "source": "composite",
            "source-layer": "road",
            "filter": [
                "all",
                ["!in", "layer", 2, 3, 4, 5],
                ["==", "class", "trunk"],
                ["==", "structure", "bridge"]
            ],
            "layout": {
                "line-cap": "round",
                "line-join": "round",
                "visibility": "visible"
            },
            "paint": {
                "line-width": {"base": 1.5, "stops": [[5, 0.75], [18, 32]]},
                "line-color": "hsl(0, 0%, 100%)"
            }
        },
        {
            "id": "bridge-motorway",
            "type": "line",
            "metadata": {"mapbox:group": "f423319a6dab2ed463382f7e7edc5da1"},
            "source": "composite",
            "source-layer": "road",
            "filter": [
                "all",
                ["<", "layer", 2],
                ["==", "class", "motorway"],
                ["==", "structure", "bridge"]
            ],
            "layout": {
                "line-cap": "round",
                "line-join": "round",
                "visibility": "visible"
            },
            "paint": {
                "line-width": {"base": 1.5, "stops": [[5, 0.75], [18, 32]]},
                "line-color": "hsl(0, 0%, 100%)"
            }
        },
        {
            "id": "bridge-trunk-link-2-case",
            "type": "line",
            "metadata": {"mapbox:group": "f423319a6dab2ed463382f7e7edc5da1"},
            "source": "composite",
            "source-layer": "road",
            "minzoom": 13,
            "filter": [
                "all",
                ["==", "structure", "bridge"],
                ["==", "type", "trunk_link"],
                [">=", "layer", 2]
            ],
            "layout": {"line-join": "round", "visibility": "visible"},
            "paint": {
                "line-width": {"base": 1.5, "stops": [[12, 0.75], [20, 2]]},
                "line-opacity": {"base": 1, "stops": [[10.99, 0], [11, 1]]},
                "line-gap-width": {
                    "base": 1.5,
                    "stops": [[12, 0.5], [14, 2], [18, 18]]
                },
                "line-color": "hsl(0, 0%, 100%)"
            }
        },
        {
            "id": "bridge-motorway-link-2-case",
            "type": "line",
            "metadata": {"mapbox:group": "f423319a6dab2ed463382f7e7edc5da1"},
            "source": "composite",
            "source-layer": "road",
            "minzoom": 13,
            "filter": [
                "all",
                ["==", "class", "motorway_link"],
                ["==", "structure", "bridge"],
                [">=", "layer", 2]
            ],
            "layout": {"line-join": "round", "visibility": "visible"},
            "paint": {
                "line-width": {"base": 1.5, "stops": [[12, 0.75], [20, 2]]},
                "line-opacity": 1,
                "line-gap-width": {
                    "base": 1.5,
                    "stops": [[12, 0.5], [14, 2], [18, 18]]
                },
                "line-color": "hsl(0, 0%, 100%)"
            }
        },
        {
            "id": "bridge-trunk-2-case",
            "type": "line",
            "metadata": {"mapbox:group": "f423319a6dab2ed463382f7e7edc5da1"},
            "source": "composite",
            "source-layer": "road",
            "filter": [
                "all",
                ["==", "class", "trunk"],
                ["==", "structure", "bridge"],
                [">=", "layer", 2]
            ],
            "layout": {"line-join": "round", "visibility": "visible"},
            "paint": {
                "line-width": {"base": 1.5, "stops": [[10, 1], [16, 2]]},
                "line-gap-width": {"base": 1.5, "stops": [[5, 0.75], [18, 32]]},
                "line-color": "hsl(0, 0%, 100%)"
            }
        },
        {
            "id": "bridge-motorway-2-case",
            "type": "line",
            "metadata": {"mapbox:group": "f423319a6dab2ed463382f7e7edc5da1"},
            "source": "composite",
            "source-layer": "road",
            "filter": [
                "all",
                ["==", "class", "motorway"],
                ["==", "structure", "bridge"],
                [">=", "layer", 2]
            ],
            "layout": {"line-join": "round", "visibility": "visible"},
            "paint": {
                "line-width": {
                    "base": 1.5,
                    "stops": [[7, 0.5], [10, 1], [16, 2]]
                },
                "line-gap-width": {"base": 1.5, "stops": [[5, 0.75], [18, 32]]},
                "line-color": "hsl(0, 0%, 100%)"
            }
        },
        {
            "id": "bridge-trunk-link-2",
            "type": "line",
            "metadata": {"mapbox:group": "f423319a6dab2ed463382f7e7edc5da1"},
            "source": "composite",
            "source-layer": "road",
            "minzoom": 13,
            "filter": [
                "all",
                ["==", "structure", "bridge"],
                ["==", "type", "trunk_link"],
                [">=", "layer", 2]
            ],
            "layout": {
                "line-cap": "round",
                "line-join": "round",
                "visibility": "visible"
            },
            "paint": {
                "line-width": {
                    "base": 1.5,
                    "stops": [[12, 0.5], [14, 2], [18, 18]]
                },
                "line-color": "hsl(0, 0%, 100%)"
            }
        },
        {
            "id": "bridge-motorway-link-2",
            "type": "line",
            "metadata": {"mapbox:group": "f423319a6dab2ed463382f7e7edc5da1"},
            "source": "composite",
            "source-layer": "road",
            "minzoom": 13,
            "filter": [
                "all",
                ["==", "class", "motorway_link"],
                ["==", "structure", "bridge"],
                [">=", "layer", 2]
            ],
            "layout": {
                "line-cap": "round",
                "line-join": "round",
                "visibility": "visible"
            },
            "paint": {
                "line-width": {
                    "base": 1.5,
                    "stops": [[12, 0.5], [14, 2], [18, 18]]
                },
                "line-color": "hsl(0, 0%, 100%)"
            }
        },
        {
            "id": "bridge-trunk-2",
            "type": "line",
            "metadata": {"mapbox:group": "f423319a6dab2ed463382f7e7edc5da1"},
            "source": "composite",
            "source-layer": "road",
            "filter": [
                "all",
                ["==", "class", "trunk"],
                ["==", "structure", "bridge"],
                [">=", "layer", 2]
            ],
            "layout": {
                "line-cap": "round",
                "line-join": "round",
                "visibility": "visible"
            },
            "paint": {
                "line-width": {"base": 1.5, "stops": [[5, 0.75], [18, 32]]},
                "line-color": "hsl(0, 0%, 100%)"
            }
        },
        {
            "id": "bridge-motorway-2",
            "type": "line",
            "metadata": {"mapbox:group": "f423319a6dab2ed463382f7e7edc5da1"},
            "source": "composite",
            "source-layer": "road",
            "filter": [
                "all",
                ["==", "class", "motorway"],
                ["==", "structure", "bridge"],
                [">=", "layer", 2]
            ],
            "layout": {
                "line-cap": "round",
                "line-join": "round",
                "visibility": "visible"
            },
            "paint": {
                "line-width": {"base": 1.5, "stops": [[5, 0.75], [18, 32]]},
                "line-color": "hsl(0, 0%, 100%)"
            }
        },
        {
            "id": "border-admin-3-4-case",
            "type": "line",
            "metadata": {"mapbox:group": "4a585425cb0cc2af93b4cdedda86461d"},
            "source": "composite",
            "source-layer": "admin",
            "filter": ["all", ["==", "maritime", 0], [">=", "admin_level", 3]],
            "layout": {"line-join": "bevel", "visibility": "visible"},
            "paint": {
                "line-blur": {"base": 1, "stops": [[3, 0], [8, 2]]},
                "line-width": {"base": 1, "stops": [[3, 2.25], [10, 4.5]]},
                "line-opacity": {
                    "base": 1.01,
                    "stops": [[0, 0.03], [22, 0.42]]
                },
                "line-dasharray": [1, 0],
                "line-translate": [0, 0],
                "line-color": "hsla(0, 0%, 100%, 0.23)"
            }
        },
        {
            "id": "border-admin-2-case",
            "type": "line",
            "metadata": {"mapbox:group": "4a585425cb0cc2af93b4cdedda86461d"},
            "source": "composite",
            "source-layer": "admin",
            "minzoom": 1,
            "filter": ["all", ["==", "admin_level", 2], ["==", "maritime", 0]],
            "layout": {"line-join": "miter", "visibility": "visible"},
            "paint": {
                "line-width": {"base": 1, "stops": [[3, 3], [10, 9]]},
                "line-blur": {"base": 1, "stops": [[3, 0], [10, 2]]},
                "line-opacity": {
                    "base": 1.01,
                    "stops": [[0, 0.03], [22, 0.42]]
                },
                "line-translate": [0, 0],
                "line-color": "hsla(0, 0%, 100%, 0.23)"
            }
        },
        {
            "id": "border-admin-3-4",
            "type": "line",
            "metadata": {"mapbox:group": "4a585425cb0cc2af93b4cdedda86461d"},
            "source": "composite",
            "source-layer": "admin",
            "filter": ["all", ["==", "maritime", 0], [">=", "admin_level", 3]],
            "layout": {
                "line-join": "round",
                "line-cap": "round",
                "visibility": "visible"
            },
            "paint": {
                "line-dasharray": {
                    "base": 1,
                    "stops": [[6, [2, 1]], [7, [2, 2, 6, 2]]]
                },
                "line-width": {"base": 1, "stops": [[7, 0.75], [12, 1.5]]},
                "line-opacity": {
                    "base": 1.01,
                    "stops": [[0, 0.03], [22, 0.42]]
                },
                "line-color": "hsla(0, 0%, 100%, 0.23)"
            }
        },
        {
            "id": "border-admin-2",
            "type": "line",
            "metadata": {"mapbox:group": "4a585425cb0cc2af93b4cdedda86461d"},
            "source": "composite",
            "source-layer": "admin",
            "minzoom": 1,
            "filter": [
                "all",
                ["==", "admin_level", 2],
                ["==", "disputed", 0],
                ["==", "maritime", 0]
            ],
            "layout": {
                "line-join": "round",
                "line-cap": "round",
                "visibility": "visible"
            },
            "paint": {
                "line-opacity": {
                    "base": 1.01,
                    "stops": [[0, 0.03], [22, 0.42]]
                },
                "line-width": {"base": 1, "stops": [[3, 1], [10, 2.5]]},
                "line-color": "hsla(0, 0%, 100%, 0.23)"
            }
        },
        {
            "id": "border-admin-2-dispute",
            "type": "line",
            "metadata": {"mapbox:group": "4a585425cb0cc2af93b4cdedda86461d"},
            "source": "composite",
            "source-layer": "admin",
            "minzoom": 1,
            "filter": [
                "all",
                ["==", "admin_level", 2],
                ["==", "disputed", 1],
                ["==", "maritime", 0]
            ],
            "layout": {"line-join": "round", "visibility": "visible"},
            "paint": {
                "line-dasharray": [1.5, 1.5],
                "line-opacity": {
                    "base": 1.01,
                    "stops": [[0, 0.03], [22, 0.42]]
                },
                "line-width": {"base": 1, "stops": [[3, 0.5], [10, 2]]},
                "line-color": "hsla(0, 0%, 100%, 0.23)"
            }
        },
        {
            "id": "3D Buildings",
            "type": "fill",
            "source": "composite",
            "source-layer": "building",
            "minzoom": 15,
            "filter": [
                "all",
                ["==", "extrude", "true"],
                ["==", "underground", "false"]
            ],
            "layout": {},
            "paint": {
                "fill-color": "#86aebe",
                "fill-outline-color": "hsl(0, 0%, 100%)"
            }
        }
    ],
    "created": "2019-07-17T13:10:10.879Z",
    "id": "cjy79jl4f2boo1cqvvwz5dukk",
    "modified": "2019-07-17T13:14:13.520Z",
    "owner": "dagut",
    "visibility": "private",
    "draft": false
}